﻿<?xml version="1.0" encoding="UTF-8"?>
<OruxTracker versionCode="3.0" xmlns:orux="http://oruxtracker.com/app/res/calibration">
  <MapCalibration layers="true" layerLevel="0">
    <MapName><![CDATA[Lost Grove Lake Topo]]></MapName>
    <OruxTracker versionCode="2.1">
      <MapCalibration layers="false" layerLevel="17">
        <MapName><![CDATA[Lost Grove Lake Topo 17]]></MapName>
        <MapChunks xMax="10" yMax="7" datum="WGS 1984:Global Definition@WGS 1984:Global Definition" projection="Mercator,0" img_height="512" img_width="512" file_name="Lost Grove Lake Topo 17" />
        <MapDimensions height="3154" width="5081" />
        <MapBounds minLat="41.6607793428652" maxLat="41.6890970246549" minLon="-90.4921102240597" maxLon="-90.4310348915071" />
        <CalibrationPoints>
          <CalibrationPoint corner="TL" lon="-90.4921102240596" lat="41.6890970246549" />
          <CalibrationPoint corner="BR" lon="-90.4310348915072" lat="41.6607793428652" />
          <CalibrationPoint corner="TR" lon="-90.4310348915071" lat="41.6890970246548" />
          <CalibrationPoint corner="BL" lon="-90.4921102240597" lat="41.6607793428653" />
        </CalibrationPoints>
      </MapCalibration>
    </OruxTracker>
  </MapCalibration>
</OruxTracker>