﻿<?xml version="1.0" encoding="UTF-8"?>
<OruxTracker versionCode="3.0" xmlns:orux="http://oruxtracker.com/app/res/calibration">
  <MapCalibration layers="true" layerLevel="0">
    <MapName><![CDATA[Lost Grove Lake Basic]]></MapName>
    <OruxTracker versionCode="2.1">
      <MapCalibration layers="false" layerLevel="17">
        <MapName><![CDATA[Lost Grove Lake Basic 17]]></MapName>
        <MapChunks xMax="10" yMax="6" datum="WGS 1984:Global Definition@WGS 1984:Global Definition" projection="Transverse Mercator,-93,0,0.9996,500000,0" img_height="512" img_width="512" file_name="Lost Grove Lake Basic 17" />
        <MapDimensions height="3000" width="5000" />
        <MapBounds minLat="41.660775664111" maxLat="41.6890968523394" minLon="-90.4921102566885" maxLon="-90.4310390868867" />
        <CalibrationPoints>
          <CalibrationPoint corner="TL" lon="-90.4910614187536" lat="41.6890968523394" />
          <CalibrationPoint corner="BR" lon="-90.4321129501254" lat="41.660775664111" />
          <CalibrationPoint corner="TR" lon="-90.4310390868867" lat="41.6877700027557" />
          <CalibrationPoint corner="BL" lon="-90.4921102566885" lat="41.6621012638598" />
        </CalibrationPoints>
      </MapCalibration>
    </OruxTracker>
  </MapCalibration>
</OruxTracker>